Variable:,pr,,,,,,,,,,,,,,,,,,,,,,,,,,,,,,,,
,France,Alsace,Aquitaine,Auvergne,Basse-Normandie,Bourgogne,Bretagne,Centre,Champagne-Ardenne,Corse,Franche-Comte,Haute-Normandie,Ile-de-France,Languedoc-Rousillon,Limousin,Lorraine,Midi-Pyrenees,Nord-Pas-de-Calais,Pays-de-la-Loire,Picardie,Poitou-Charentes,Provence-Alpes-Cote-d'Azur,Rhone-Alpes,Cayenne,Saint-laurent-du-maroni,Administrative unit not available,Administrative unit not available,Arrondissement_du_vent,Arrondissement_souse_le_vent,Fort-de-France,La Trinite,Le Marin,Saint-Pierre
1901,812.84,864.18,842.65,952.04,577.74,769.41,763.52,570.08,729.86,919.29,1094.93,507.38,494.52,971.36,817.13,827.12,851.55,527.93,551.44,498.72,653.64,1247.63,1183.65,3142.03,2743.67,3055.19,1646.8,2014.97,2056.04,2970.42,2897.28,2503.63,3090
1902,766.73,737.39,841.44,895.41,649.58,718.76,768.64,607.76,697.21,823.49,987.38,606.54,541.82,793.96,828.07,733.78,787.33,607.35,600.94,577.63,676.2,889.41,1056.22,3328.12,3041.95,3369.07,1564,2014.97,2056.04,3298.28,3221.94,2800.79,3423.1
1903,799.6,757.38,811.08,845.48,828.09,668.17,1047.5,604.46,756.36,825.91,920.23,739.73,568.09,794.11,781.83,815.59,744.43,761.43,722.9,676.12,717.44,981.14,1014.43,3111.88,2684.72,3182.1,1710.2,2014.97,2056.04,3085.81,3012.61,2618.31,3205.5
1904,678.64,704.56,712.94,694.69,699.08,616.25,909.87,563.74,659.78,638.55,837.58,605.87,504.32,626.72,688.33,720.35,612.99,583.29,635.08,545.09,635.94,732.85,823.1,3163.91,2766.21,2774.91,1638,2014.97,2056.04,2659.82,2592.56,2235.07,2769.8
1905,790.02,840.87,854.9,858.4,689,675.11,786.84,617.7,727.44,882.3,979.53,671.22,588.43,820.09,829.23,789.15,792.47,719.45,643.96,670.75,711.33,980.22,1029.52,3181.74,2775.83,2821.59,1638,2014.97,2056.04,2701.22,2637.51,2292.15,2805.4
1906,730.12,729.49,852.23,708.52,711.23,609.94,833.38,598.57,708.93,722.1,814.92,685.63,573.4,785.86,754.31,755.44,771.75,711.28,637.36,654.82,709.55,806.02,771.74,3025.32,2536.43,2980.69,1638,2014.97,2056.04,2899.08,2834.18,2480.49,3005.2
1907,818.24,670.79,898.91,951.31,650.04,675.05,853.6,607.61,656.79,820.71,884.27,586.76,506.5,1019.41,889.9,692.28,878.3,585.25,650,551.86,766.04,1214.09,1134.84,3552.74,3351.96,2596.63,1341.2,2014.97,2056.04,2430.22,2369.37,2042.52,2529.7
1908,703.19,791.57,871.32,763.5,593.84,635.32,702.67,568.2,677.81,611.29,898.79,579.47,522.79,688.03,765.97,757.3,756.73,598,556,563.41,657.53,717.76,853.84,3127.14,2728.46,2431.4,1650.1,2014.97,2056.04,2283.16,2225.71,1922.72,2377.1
1909,820.04,824.61,807.67,928.45,779.71,765.31,926.72,699.25,783.21,769.97,1008.22,719.88,626.11,775.02,906.99,818.91,715.09,737.94,726.42,688.22,796.27,963.35,1054.72,2986.44,2526.19,3055.19,1510,2014.97,2056.04,2970.42,2897.28,2503.63,3090
1910,1058,1021.54,1063.9,1214.21,983.02,1061.94,1169.51,910.41,1013.88,908.54,1360.62,905.57,847.18,983.81,1159.73,1051.14,924.01,893.17,947.46,862.48,1005.74,1178.27,1382.72,2977.63,2498.02,2932.97,1487.8,2014.97,2056.04,2810.76,2742.79,2370.97,2921.9
1911,755.6,681.22,824.18,817.22,741.63,625.1,898.8,598.22,656.39,797.9,831.72,679.13,533.69,777.68,799.74,710.22,743.21,680.58,673.16,607,717.28,967.08,936.29,3299.96,2926.79,3055.19,1699.4,2014.97,2056.04,2970.42,2897.28,2503.63,3090
1912,843.31,827.35,779.54,917.1,873.99,768.46,1069.35,705.72,792.25,685.88,1014.37,790.47,651.05,814.74,902.02,830.67,734.85,797.29,799.36,723.4,804.82,972.35,1076.99,2913.79,2367.89,3055.19,1587,2014.97,2056.04,2970.42,2897.28,2503.63,3090
1913,863.77,808.71,958.68,1036.87,722.48,827.02,903.49,693.88,775.13,723.71,1022.62,686.15,623.17,897.82,973.64,818.09,887.92,714.69,691.96,668.18,805.84,989.58,1147.53,3014.54,2497.5,3055.19,1540.7,2014.97,2056.04,2970.42,2897.28,2503.63,3090
1914,910.35,991.68,894.15,1005.38,830.63,808.63,1044.44,681.25,853.93,840.6,1135.03,735.76,634.85,987.91,911.56,965.33,874.9,751.82,740.63,703.77,776.66,1203.6,1233.4,3096.11,2662,3055.19,1723.1,2014.97,2056.04,2970.42,2897.28,2503.63,3090
1915,901.18,846.23,1026.71,923.29,880.87,731.13,1083.11,693.72,818.28,959.82,1047.53,800.15,632.52,913.3,922.35,862.17,915.25,831.33,819.21,755.5,859.97,1055.07,1102.62,3288.07,2925.63,3055.19,1630.4,2014.97,2056.04,2970.42,2897.28,2503.63,3090
1916,925.81,1016.31,865.86,1027.63,856.25,862.89,1018.59,751.24,926.58,985.74,1224.64,800.76,704.64,872.14,959.23,1017.17,820.7,866.39,780.57,799.5,830.41,1130.75,1198.52,3189.42,2808.14,3055.19,1651.9,2014.97,2056.04,2970.42,2897.28,2503.63,3090
1917,842.93,868.94,887.05,972.57,722.09,779.27,808.98,640.16,782.01,795.85,1070.62,702.5,621.28,925.86,843.68,855.78,884.77,751.06,643.41,686.24,694.5,1051.29,1134.73,3091.27,2651.3,3055.19,1692.8,2014.97,2056.04,2970.42,2897.28,2503.63,3090
1918,774.47,806.95,803.68,828.76,704.41,711.59,857.35,611.48,775.17,597.45,1009.15,670.14,581.59,806.95,781.61,840.55,746.51,726.21,636.98,667.87,677.46,882.13,1001.21,3306.88,2965.92,3055.19,1575.3,2014.97,2056.04,2970.42,2897.28,2503.63,3090
1919,863.26,809.87,1073.83,869.97,812.12,758.76,1018.03,713.81,833.63,712.48,1043.64,736.92,641.31,781.5,926.61,878.12,860.83,745.99,806.1,704.66,882.31,842.61,1036.33,3278.78,2898.79,3055.19,1591.8,2014.97,2056.04,2970.42,2897.28,2503.63,3090
1920,777.1,699.3,810.22,836.77,646.17,625.1,833.85,545.31,671.81,850.64,831.85,606.21,501,994.36,772.44,722.59,867.71,659.32,586.29,602.71,642.23,1217.01,1012.54,2924.56,2372.74,3055.19,1534.5,2014.97,2056.04,2970.42,2897.28,2503.63,3090
1921,517.59,549.46,661.57,617.24,390.79,494.72,516.74,413.62,449.35,463.28,655.19,363.79,348.35,585.3,593.62,498.11,648.01,385.05,393.41,356.75,483.08,465.93,621.62,2981.97,2489.97,3055.19,1489.9,2014.97,2056.04,2970.42,2897.28,2503.63,3090
1922,905.46,1080.92,951.02,984.39,814.96,875.98,1004.32,755.85,902.17,702.81,1275.95,755.3,696.37,783.27,959.55,1038.42,798.45,770.69,803.52,743.63,857.92,908.56,1197.57,3146.26,2740.45,3055.19,1452.4,2014.97,2056.04,2970.42,2897.28,2503.63,3090
1923,885.79,892.08,988.37,938.72,847.67,797.59,966.42,735.51,870.23,709.96,1113.21,824.96,715.01,804.45,924.45,931.99,791.11,850.32,784.52,805.53,841.77,935.4,1141.08,3130.71,2664.46,3055.19,1575,2014.97,2056.04,2970.42,2897.28,2503.63,3090
1924,790.23,817.95,774.76,834.21,795.74,688.57,981.58,631.74,774.71,726.29,926.93,748.61,613.86,774.2,783.64,830.31,683.96,777.89,689.17,716.74,710.8,974.37,1008.29,2873.3,2329.86,3055.19,1633.2,2014.97,2056.04,2970.42,2897.28,2503.63,3090
1925,833.74,863.09,853.85,857.46,854.19,743.39,1021.82,721.68,875.16,694.01,991.07,802.69,687.6,742.03,873.79,925.97,716.46,880.73,794.12,807.61,807.38,876.01,944.38,2863.46,2274.65,3055.19,1579.5,2014.97,2056.04,2970.42,2897.28,2503.63,3090
1926,861.32,815.71,948.42,890.77,771.56,712.07,878.81,669.19,762.76,914.66,984.45,733.9,617.06,912.97,883.55,822.4,872.93,745.93,739.68,697.48,802.18,1207.19,1109.29,2838.87,2258.94,3055.19,1481.5,2014.97,2056.04,2970.42,2897.28,2503.63,3090
1927,919.38,928.57,1098,1013.47,903.39,812.82,1028.15,792.08,825.53,751.05,1085.16,862.19,698.05,795.89,1027.04,902.56,849.26,814.4,847.45,756.75,919.84,939.25,1160.16,3273.34,2975.85,3055.19,1589.7,2014.97,2056.04,2970.42,2897.28,2503.63,3090
1928,870.14,801.62,931.33,962.78,886.42,784.16,1037.3,725.74,797.2,790.94,1046.6,823.66,669.25,805.48,922.57,825.82,753.3,792.42,805.96,741.82,833.54,960.27,1139.23,3258.84,2858.31,3055.19,1543.7,2014.97,2056.04,2970.42,2897.28,2503.63,3090
1929,694.82,684.32,752.86,728.47,782.94,614.88,966.13,564.25,643.21,600.42,818.27,686.47,528.44,612.5,710,703.31,619.27,649.59,667.27,584.93,651.34,718.82,841.15,2979.34,2508.89,3055.19,1612.3,2014.97,2056.04,2970.42,2897.28,2503.63,3090
1930,1033.94,1023.34,1183.51,1088.73,946.37,955.44,1155.21,874.92,992.61,781.2,1259.7,852.36,782.91,1022.69,1105.67,1059.67,1026.7,827.77,955.3,803.83,1032.63,1095.09,1258.14,2985.53,2449.25,3055.19,1410.7,2014.97,2056.04,2970.42,2897.28,2503.63,3090
1931,879.87,974.75,968,1004.77,765.1,847.82,901.2,750.57,854.72,814.72,1108.64,735.08,703.58,812.8,960.5,926.3,794.85,748.74,746.61,735.71,833.76,985.86,1112.6,2995.13,2528.19,3055.19,1570.4,2014.97,2056.04,2970.42,2897.28,2503.63,3090
1932,891.74,826.15,1081.33,1001.64,706.66,766.15,863.09,665.95,777.02,729.14,1025.27,650.49,586.87,1084.73,966.81,842.86,1087.79,712.6,677.22,654.43,812.67,1114.57,1105.42,3230.07,2808.94,3128.42,1700.2,2014.97,2056.04,3057.3,2985.81,2593.94,3174.2
1933,747.06,713.32,931.77,820.19,591.17,624.84,718.63,536.09,607.9,821.71,865.7,551.09,478.9,901.71,767.05,658.98,846.65,577.81,575.91,537.93,666.19,1026.51,981.19,3097.25,2674.32,3365.45,1262,2014.97,2056.04,3346.61,3270.9,2858.14,3470.4
1934,792.3,656.07,982.67,851.62,706.48,646.98,882.65,622.55,680.33,890.69,838.88,646.88,537.13,803.55,865.34,690.72,817.44,654.57,684.04,607.68,786.67,1048.14,975.66,2848.31,2220.34,2244.77,1708.5,2014.97,2056.04,2042.04,1990.13,1711.08,2126.9
1935,945.82,925.16,1061.79,1053.39,867.53,860.52,995.21,728.53,856.29,832.36,1217.11,800.78,667.79,916.93,988.34,927.22,878.6,828.37,777.73,746.59,860.44,1189.18,1297.93,2816.04,2216.53,2746.06,1322.1,2014.97,2056.04,2631.7,2569.56,2234.61,2733.3
1936,896.05,913.25,1124.9,912.52,807.46,723.62,933.21,706.53,794.37,850.55,1030.46,768.94,655.74,941.18,875.99,885.12,984.05,751.01,750.54,720.95,800.73,1123.22,1087.95,3245.83,2840.16,3318.71,1204.1,2014.97,2056.04,3232.97,3162.98,2772.41,3347.4
1937,918.52,874.56,1040.11,959.03,900.11,782.42,1034.3,770.46,849.78,994.09,1058.5,857.15,722.11,815.71,989.84,902.99,828.61,859,845.44,805.76,909.53,1087.24,1122.45,2981.86,2486.96,2297.46,2145.2,2014.97,2056.04,2128.4,2074.76,1787.59,2216.1
1938,738.21,783.62,885.93,778.98,653.85,626.51,786.57,541.2,686.85,726.74,889.88,637.61,539.03,784.88,703.58,753.77,781.53,709.33,575.54,648,621.25,904.7,918.65,3249.06,2947.91,3182.61,1314.8,2014.97,2056.04,3129.63,3056.98,2659.03,3248.4
1939,963.39,1118.03,1027.21,1037.05,820.6,926.86,940.29,767.08,1000.11,852.78,1305.44,821.15,770.46,951.39,943.85,1085.15,935.34,914.98,762,855.61,825.5,1090.34,1228.01,3234.23,2838.14,2391.61,1785.3,2014.97,2056.04,2234.9,2179.91,1883.06,2324.8
1940,893.16,947.85,1061.76,1049.24,779.15,829.18,915.09,692.31,839.43,732.85,1151.94,723.24,625.3,842.18,950.75,923.03,857.07,761.32,701.73,700.38,802.89,983.49,1233.39,2844.39,2268.25,2221.59,1956.8,2014.97,2056.04,2061.98,2012.42,1744.55,2143
1941,889.33,803.33,1004.61,975.16,752.77,818.05,861.39,699.72,813.78,860.42,1022.07,730.77,668.95,954.9,920.83,829.81,919.57,743.73,722.72,720.8,797.58,1220.96,1129.78,3015.95,2563.78,2808.13,1589.5,2014.97,2056.04,2724.81,2661.58,2314.76,2828.2
1942,769.94,750.07,818.59,825.66,758.03,704.55,837.55,675.12,739.18,660.12,895.12,743.97,654.17,782.36,783.06,749.54,746.42,753.95,673.55,732.56,697.45,830.46,924.01,3001.61,2517.17,3342.24,1296.2,2014.97,2056.04,3275.02,3198.21,2776.39,3400.6
1943,750.49,644.7,866.35,801.92,634.84,639,784.11,567.16,691.69,762.58,835.73,596.68,530.34,877.59,753.56,704.35,828.75,664.19,587.94,627.59,661.94,982.08,941.48,3223.92,2812.55,2622.96,1406.4,2014.97,2056.04,2462.58,2402.4,2077.83,2561
1944,789.31,833.26,778.58,905.87,711.16,785.49,775.33,644.4,833.19,551.8,1049.78,710.65,642.21,792.96,806.43,872.29,758.63,770.85,611.85,735.56,661.26,828.66,1049.45,3047.89,2555.26,2957.24,1402.3,2014.97,2056.04,2830.8,2762.67,2390.65,2942.2
1945,645.01,745.12,743.88,660.38,594.08,543.15,763.13,475.27,651.09,466.58,801.21,558.07,484.65,613.54,619.43,717.26,611.6,676.4,529.46,620.37,556.16,748.86,813.51,3113.13,2648.11,2843.66,1340.8,2014.97,2056.04,2721.77,2653.87,2286.19,2832.8
1946,751.25,770.79,781.97,755.02,782.42,610.95,940.48,550.14,717.3,774.11,899.95,740.62,546.33,752.64,702.17,760.9,718.41,816.62,648.5,720.39,637.06,910.27,943.02,3152.81,2722.13,2454.41,1272.9,2014.97,2056.04,2274.8,2218.54,1922.72,2366.8
1947,747.98,661.33,861.56,789.73,668.81,666.73,812.27,572.56,731.23,774.37,891.89,627.43,549.98,737.24,757.03,746.75,763.21,643.16,612.66,618.28,655.26,943.12,954.45,2815.72,2237.28,2208.72,1530.7,2014.97,2056.04,2006.85,1956.36,1690.43,2089.4
1948,778.18,814.71,693.57,856.94,680.6,706.35,836.52,566.9,824.46,604.03,1009.63,650.14,600.6,816.55,722.8,863.12,695.7,783.63,605.39,736.43,610.59,1091.65,1089.98,3349.45,3005.71,3391.3,1606.8,2014.97,2056.04,3501.7,3421.52,2982.78,3632.8
1949,641.43,546.83,797.75,648.4,591.93,498.01,731.8,469.36,569.56,715.45,679.74,541.78,436.15,708.13,656.76,601.41,669.72,576.55,542.39,524.54,609.21,847.94,774.85,3362.47,3102.4,2767.51,1304.1,2014.97,2056.04,2590.1,2529.43,2208.12,2689.3
1950,794.42,905.45,830.69,779.08,829.45,712.74,1041.55,653.08,843.04,714.95,1045.55,751.74,637.26,638.43,801.14,921.09,634.7,837.7,766.66,774.32,764.9,784.02,934.02,3050.82,2581.34,3158.14,1407.9,2014.97,2056.04,3038.42,2958.25,2530.11,3169.5
1951,999.84,916.78,1053.87,1096.36,942.94,902.54,1119.62,729.06,916.55,893.04,1210.23,861.77,708.97,1082.27,983.01,945.27,1003.13,910.32,814.7,826.69,845.73,1345.39,1318.25,3061.72,2647.58,3231.94,1468,1648.69,1676.86,3743,3661.85,3205.63,3875.7
1952,891.26,955.89,968.73,896.77,886.77,862.57,1071.63,733.82,972.04,648.81,1230.5,796.24,719.55,664.43,905.95,1030.84,719.97,879.3,833.72,819.71,869.87,911.61,1094.86,2941.5,2427.77,3480.04,1336.3,2225.54,2228.96,3311.57,3233.58,2803.73,3439.1
1953,609.91,587.76,698.01,655.21,517.79,553.29,596.67,432.93,550.11,676.71,761.9,496.06,422.12,690.27,559.4,567.27,642.73,546.51,453.13,492.93,483.55,882.9,805.02,3240.3,2874.99,3076.48,1159.5,2439.26,2460.68,3141.27,3069.08,2675.48,3259.3
1954,797.88,877.67,838.7,867.88,751.88,714.49,921.11,549.3,771.7,710.76,1077.06,692.58,541.85,760.17,767.35,861.53,721.4,764.38,644.07,666.64,668.51,1024.93,1104.49,3262.41,2988.14,3526.28,1424,1720.59,1739.51,3178.4,3096.32,2658.86,3312.6
1955,800.42,819.36,892.91,843.16,695.19,716.32,840.02,607.18,738.56,715.77,1062.44,669,565.86,844.43,812.2,797.94,859.9,652.72,650.29,619.36,718.93,954.7,1050.51,3178.2,2800.74,3540.74,1610.3,2509.57,2541.27,3519.62,3439.64,3001.18,3650.4
1956,780.54,828.45,812.36,882.79,649.91,774.2,816.72,565.44,772.99,728.25,1064.21,608.4,553.58,795.91,759.73,828.96,758.77,719.48,591.91,636.19,630.62,985.17,1064.15,3294.4,2921.93,3545.6,1721.8,1872.14,1920.15,3747.45,3650.05,3128.89,3906.7
1957,778.72,744.89,751.99,794.64,719.26,686.47,880.19,628.66,786.04,696.39,909.28,656.21,609.01,862.69,770.2,782.42,779.48,748.25,664.52,692.75,687.08,1049.47,933.75,2769.56,2107.36,2998.56,1569,1680.44,1708.75,3101.78,3025.99,2610.14,3225.7
1958,941.89,951.4,991.82,1024.41,904.29,925.52,1083.27,862.8,966.35,659.62,1162.55,849.59,799.71,752.1,1061.94,997.63,776.6,847.74,891,817.62,950.29,989.31,1151.12,3060.38,2566.42,3766.44,1340.2,1565.27,1579.76,3422.82,3343.27,2916.22,3552.9
1959,826.93,695.28,1096.47,867.9,675.27,631.3,920.31,569.06,614.54,902.86,899.45,603.55,492.73,1012.29,850.63,670.74,1016.7,574.99,645.87,522.54,737.98,1184.87,1063.51,2916.01,2381.97,2938.43,1449.2,1965.85,2011.51,2671.62,2599.22,2208.08,2790
1960,1044.95,921.96,1145.83,1099.58,1009.35,900.11,1235.26,825.74,893.55,1002.37,1197.26,924.95,754.82,1012.85,1059.6,950.16,998.11,904.92,944.42,820.16,990.82,1379.72,1384.84,3074,2608.21,3298,1256.7,1844.36,1860.32,2879.31,2799.27,2377.7,3010.2
1961,777.8,802.16,882.27,779.12,726.16,669.19,945.46,598.75,789.54,695.14,948.87,648.3,554.03,706.92,758.46,859.69,705.94,785.89,700.78,695.14,722.85,943.14,945.3,2434.62,2016.5,2847.3,1846.9,2439.06,2492.91,2734.81,2666.32,2304.18,2846.8
1962,762.48,662.82,885.21,788.22,710.51,672.56,888.53,603.17,714.02,711.38,896.92,621.11,533.91,834.93,808.91,730.01,851.99,669.3,673.75,618.06,706.68,832.28,885.12,2462.14,2094.37,2971.97,1424.3,2121.14,2178.31,2814.37,2745.12,2374.69,2927.6
1963,885.75,794.81,978.3,945.09,771.56,721.74,920.72,663.2,713.93,795.05,1049.54,709.77,591.85,1060.63,883.7,766.7,976.61,679.93,733.66,638.18,778.73,1279.03,1208.71,3205.94,2640.06,2842.54,1377.5,1472.29,1491.64,2769.26,2716.64,2424.24,2855.3
1964,727.66,634.62,826.53,775.95,706.08,532.02,825.92,533.88,584.84,788.69,751.33,646.66,494.71,854.77,723.62,628.84,832.87,699.71,625.75,622.55,648.87,920.08,926.38,1916.88,1654.82,2750.42,1395.5,1526.27,1551.74,2696.08,2631.3,2282.11,2802
1965,986.98,1055.25,1089.83,1050.5,940.44,962.28,1078.93,854.89,1013.26,671.95,1337.98,883,792.25,898.98,1073.43,1082.56,889.69,890.37,893.86,870.35,952.97,919.28,1202.01,2661.79,2156.86,2836.26,1846.2,2615.07,2685.29,2585.67,2523.33,2189.27,2687.6
1966,947.6,942.36,1104.15,910.03,975.52,815.61,1161.92,794.51,951.01,869.07,1121.5,901.85,759.85,790.98,981.93,1010.92,866.91,965.87,915.21,894.21,955,994.28,1047.85,2875.76,2405.19,3464.7,1289.3,1417.11,1436.75,3838.18,3766.37,3351.4,3955.6
1967,726,828.5,800.64,736.21,813.84,704.58,966.02,621.73,767.24,561.71,977.9,736.05,595.21,565.64,738.71,868.4,623.59,692.47,690.76,661.9,689.29,549.97,828.89,3300.76,2721.1,3094.86,1347.7,1764.67,1784.46,3289.27,3202.78,2732.16,3430.7
1968,916.37,1020.86,990.47,1021.27,782.64,906.18,893.81,728.63,848.32,762.1,1232.47,743.77,687.09,924.41,949.67,944.01,899.14,749.29,715.37,722.15,779.39,1143.27,1230.05,3279.16,2846.75,2743.44,1707.7,2038.93,2085.35,2663.59,2594.66,2223.26,2776.3
1969,844.73,829.59,1053.64,903.09,733.78,693.28,878.15,621.08,723.79,832.13,970.35,690.15,582.97,977.21,876.79,789.64,995.51,773.64,675.96,674.39,749.59,1008.29,1013.87,2791.12,2410.81,3333.13,1853.8,1849.83,1887.28,3276.91,3206.53,2817.49,3392
1970,818.06,946.84,807.95,887.42,804.97,813.96,929.25,649.57,864.53,527.43,1172.48,743.45,636.95,745.58,813.4,970.7,706.45,727.51,695.28,701.47,701.02,844.58,1097.34,3787.85,3199.38,3486.21,1493.2,1827.6,1864.6,3641.07,3555.74,3091.82,3780.6
1971,781.92,617.94,1023.21,911.96,628.03,593.97,754.3,574.63,593.9,729.62,769.8,593.13,502.1,990.06,865.22,604.89,985.32,607.02,606.98,564.26,695.1,1038.61,1010.27,3710.8,3118.37,2856.85,1604.7,1500.34,1532.64,2625.28,2553.77,2186.15,2742.2
1972,858.59,745.29,956.43,895.67,761.37,677.18,944.63,623.72,732.91,873.23,874.91,696.71,623.71,1058.87,790.51,758.32,978.99,674.14,667.13,685.76,675.09,1341.97,1112.79,3273.95,2865.08,3082.32,1613.4,2693.84,2705.13,3063.2,2971.58,2494.08,3213
1973,710.83,755.99,812.31,751.95,614.18,634.91,707.16,582.7,675,626.6,870.49,593.21,548.92,670.43,744.26,705.42,672.18,602.86,591.93,582.17,652.56,950.15,918.44,3157.44,2712.54,2194.26,1952.2,1856.71,1890.32,1963.27,1926.86,1727.69,2022.8
1974,890.54,831.55,1010.05,917.51,908.39,770.88,1048.35,683.83,887.83,676.68,1040.57,870.91,708.59,866.76,862.62,904.49,870.9,950.65,746.83,864.35,764.14,1024.45,1083.21,2961.66,2462.35,2788.82,1826.9,2189.75,2262.2,2626.89,2549.89,2143.39,2752.8
1975,820.18,838.18,865.56,910.8,712.95,747.79,786.74,675.64,717.62,845.46,1011.41,736.43,641.51,794.18,827.97,765.88,769.06,768.53,683.44,696.07,726.82,1096.35,1120.56,3104.23,2710.21,3101.94,1425.9,1678.15,1705.9,2948.55,2869.39,2448.41,3078
1976,755.1,641.05,913.43,867.12,580.57,593.33,724.52,516.07,546,952.47,812.75,526.52,422.21,896.45,807.26,603.62,803.98,561.67,576.17,478.45,687.52,1270.37,1077.46,3844.3,3239.94,2816.75,1758.8,2217.82,2262.17,2824.86,2749.55,2343.26,2948
1977,1013.98,934.79,1039.79,1206.5,803.66,1002.94,962.2,792.76,939.48,798.74,1318.03,752,730.03,1105.22,1069.11,977.24,1011.65,800.98,779.22,768.42,868.06,1346.4,1440.66,3134.03,2592.56,2870.8,1613.8,2251.2,2288.44,2685.92,2617.5,2245.25,2797.8
1978,821.28,895.16,919.88,817.82,782.41,726.25,920.78,707.89,783.69,812.06,1027.9,722.91,675.03,735.81,858.95,838.17,754.98,673.31,745.42,697,787.25,977.19,995.14,3172.85,2667.19,2826.18,1738.8,1709.45,1748.87,2788.13,2719.46,2344.14,2900.4
1979,986.86,930.31,1154.02,1046.58,883.31,918.7,1073.61,814.93,933.28,911.12,1189.23,802.26,731.52,921.13,1065.49,998.57,949.45,812.71,882.53,775.18,965.34,1178.41,1205.89,3171.38,2735.57,3588.49,1538.3,2309.67,2343.84,3241.56,3162.89,2742.06,3370.2
1980,836.36,866.87,925.87,857.19,838.48,760.23,955.73,704.9,850.19,806.9,1063.13,806.04,693.61,711.66,868.81,915.92,733.7,819.56,763.98,790.97,785.99,813.84,1028.41,2995.63,2481.04,3041.7,1949.7,2783.3,2851.01,3112.94,3035.41,2624.5,3239.7
1981,954.33,1025.36,946.86,1037.45,903.84,991.23,1055.17,831.55,1044.57,610.26,1341.59,877.32,815.79,783.17,1026.48,1102.76,810.89,914.17,847.56,894.99,902,914.12,1173.15,3009.67,2610.5,3555.94,1752.1,1889.96,1932.69,3483,3394.62,2915.69,3627.5
1982,908.54,1002.24,996.34,941.68,899.26,847.72,1102.33,746.78,894.88,723.61,1222.04,812.05,722.3,855.39,935.86,978.54,883.84,759.89,852.32,769.54,885.6,800.98,1097.46,3022.78,2529.68,3410.3,1623.4,3108.83,3148.59,3356.06,3259.77,2752.98,3513.5
1983,824.3,890.47,846.96,910.49,744.24,825.08,854.41,717.6,847.43,685.06,1139.43,720.19,665.61,668.56,899.61,917.5,691.11,716.58,736.83,710.06,795.5,873.82,1079.06,2772.92,2372.3,2819.82,1922.4,1450.24,1483.65,2670.51,2607.9,2271.1,2772.9
1984,912.84,850.69,1026.62,919.16,864.99,797.73,1013.71,794.19,891.58,952.48,1051.35,844.48,757.29,827.14,960.01,929.82,820.22,838.4,865.14,817.42,929.9,1077.67,1052.18,3081.78,2660.28,3374.23,1696.8,1720.49,1769.73,3357.34,3276.57,2835.45,3489.4
1985,713.83,741.98,787.69,743.2,663.71,629.28,809.83,578.87,675.07,620.65,912.01,619.79,550.91,677.17,741.49,735.64,667.9,709.59,621.62,631.67,662.74,788.77,914.25,2530.71,2146.18,2977.01,1507,2694.6,2761.86,3028.96,2960.8,2587.19,3140.4
1986,868.5,988.9,864.54,933.59,840.02,865.59,1042.51,700.12,931.39,775.91,1178.39,769.11,683.54,785.5,876.71,1005.34,693.4,834.96,756.25,775.45,792.67,924.61,1087.4,2569.65,2138.29,3412.12,1506.4,1822.77,1857.93,3204.88,3121.63,2671.2,3341
1987,893.11,983.36,831.59,989.63,777.44,856.89,860.93,713.08,918.89,784.73,1184.06,801.97,730.26,936.88,851.72,974.93,824.66,865.94,709.6,826,733.72,1118.3,1198.33,2569.96,2191.66,3522.28,1426.9,2684.76,2726.24,3148.37,3076.06,2668.55,3266.6
1988,914.13,984.11,954.18,1006.16,818.01,900.4,991.25,744.75,1002.42,603.21,1218.13,795.96,761.01,843.03,935.36,1034.42,848.55,879.49,782.3,850.12,823.07,885.59,1162.28,2756.02,2330.03,3498.79,1673.9,1639.36,1687.5,3454.83,3368.43,2910.13,3596.1
1989,664.28,745.47,706.75,658.77,645.41,620.66,772.95,558.07,728.46,567.15,857.8,631.89,559.78,586.49,669.4,791.36,635.63,655.23,601.05,648.82,621.73,596.18,757.54,3714.48,3144.7,3386.05,1825.3,2282.62,2325.26,2948.9,2867.13,2437.14,3082.6
1990,762.98,864.4,820.27,840.7,664.22,723.81,830.9,541.31,774.46,840.25,1072.42,614.28,527.26,760.12,748.86,874.42,728.44,665.93,594.06,616.99,655.63,827.48,1034.25,3695.38,3154.14,3205.52,1643.8,1302.27,1325.14,3019.56,2944.99,2541.94,3141.5
1991,711.06,677.96,826.61,721.86,654.03,621.53,780.83,536.45,653.89,753.15,894.57,642.67,519.12,709.27,705.55,682.95,709.58,716.01,606.11,651.39,665.04,830.62,879.73,2906.79,2416.09,3112.68,1874.6,1790.53,1831.72,3188,3107.16,2659.53,3320.2
1992,852.83,840.04,969.37,936.46,799.99,774.91,885.59,643.33,778.99,768.82,1085.76,720.71,618.13,866.02,891.36,846.49,897.96,792.96,702.43,720,761.91,950.26,1099.38,2724.63,2276.62,3747.77,1488.9,1144.27,1144.39,3490.82,3402.77,2921.63,3634.8
1993,886.99,828.77,972.03,1008.03,832.58,825.26,938.22,673.46,859.56,751.18,1123.19,793.75,668.89,890.54,933.7,892.22,885.96,843,718.91,788,802.02,943.81,1161.82,3184.86,2733.02,3030.75,1332.2,2649.86,2700.65,3116.21,3040.26,2621.72,3240.4
1994,955.16,893,998.74,1070.3,955.88,868.43,1167.23,814.56,870.6,638.74,1143.56,846.61,726.59,877.68,1066.25,898.4,810.58,831.15,914.55,789.51,994.71,1128.07,1200.9,3280.73,2785.93,2651.14,1625.5,1807.55,1853.41,2826.46,2763.75,2419.83,2929
1995,872.65,998.21,879.16,908.29,821.94,866.25,1001.82,719.4,884.64,645.28,1257.24,720.23,673.21,766.53,888.44,986.69,724.05,689.95,785.79,691,842.72,1013.36,1135.46,2411.56,2080.29,3045.59,1384.7,1799.66,1798.89,3217.47,3146.52,2759.01,3333.5
1996,857.14,805.95,1093.64,977.13,657.69,699.52,814.24,584.72,631.42,882.19,983.31,580.33,503.34,1112.01,904.55,728.4,1059.27,584.37,654.33,548.63,769.63,1186.63,1132.63,3348.81,2939.57,3475.29,1690.2,1245.38,1270.38,3530.44,3444.84,2977.56,3670.4
1997,790.86,820.48,972.24,775.47,759.01,712.75,870.29,641.55,780.63,672.92,1007.56,710.09,611.98,715.48,783.49,852.93,809.04,707.64,697.23,673.58,751.18,833.81,917.77,2803.25,2328.06,2758.52,1007.2,1710.19,1736.03,2531.72,2469.4,2145.97,2633.6
1998,812.1,836.11,847.93,828.28,862.19,731.78,1057.44,680.33,816.34,623.73,1026.41,776.45,653.23,717.51,822.06,871.03,701.5,837.01,784.95,759.59,802.3,819.09,938.29,2647.45,2211.46,3702.58,1107.8,2334.22,2412.78,3761.72,3671.35,3176.78,3909.5
1999,987.73,1066.37,1019.51,1028.93,967.89,927.64,1191.01,859.15,938.33,722.01,1336.08,868.26,791.71,908.92,1032.51,1033.71,878.64,847.83,946.06,829.08,974.52,1026.64,1215.82,2902.19,2503.15,3093.11,1233.1,1145.42,1178.6,2908.49,2833.57,2434.56,3031
2000,954.91,897.01,995.84,930.98,1034.83,842.41,1204.69,825.01,972.42,837.78,1104.01,960.31,825.1,838.79,944.16,991.06,836.08,944.06,922.54,908.43,927.23,1085.59,1079.77,3370.13,2851.83,2782.52,1414,1490.63,1510.56,3054.37,2981.95,2587.31,3172.8
2001,893.53,1001.84,829.55,939.92,944.74,907.11,1075.24,839.55,1012.11,569.66,1231.57,923.91,834.58,681.76,927.98,1053.1,689.05,976.94,865.42,917.85,858.46,719.5,1050,2680.77,2215.48,2894.09,1284.2,1483.87,1494.88,2794.62,2726.2,2353.32,2906.5
2002,943.95,1072.66,917.94,955.37,929.55,779.48,1108.87,756,871.89,897.84,1167.17,841.43,722.44,979.75,893.72,991.02,867,883.47,841.02,816.27,834.12,1256.96,1204.03,2905.33,2449.31,3033.88,1397.8,1941.78,1990.66,2621.8,2553.55,2187.02,2733.4
2003,722.27,630.86,859.96,765.69,685.12,595.44,840.29,597.64,619.84,588.49,788.59,611.15,531.41,793.08,769.43,657.26,778.36,637.91,671.01,590.64,719.47,781.5,859.62,2456.7,2043.72,3031.63,1111.9,2053.37,2104.81,3197.87,3128.19,2733.75,3311.8
2004,786.27,828.18,881.03,886.38,727.77,777.12,880.77,634.36,771.59,730.96,1067.73,674.35,590.04,759.54,858.04,834.61,805.58,726.69,664.31,663.09,704.65,709.44,933.43,2954.9,2487.79,4099.09,880,1891.02,1926.49,4405.04,4303.17,3722.11,4571.6
2005,674.6,742.25,722.74,707.34,631.02,623.58,761.96,515.13,655.01,681.11,885.42,611.22,518.87,668.83,664.71,717.68,641.28,722.54,551.45,645.92,566.54,737.55,846.01,3368.91,2844.69,3916.35,1186.7,2387.76,2459.02,3971.61,3874.06,3337.77,4131.1
2006,815.76,1015.75,847.34,882.83,764.41,799.79,981.34,683.62,840.54,493.41,1197.8,711.38,641.84,648.2,898.02,961.29,682.81,771.5,757.31,720.89,800.24,750.82,1004.99,2774.54,2400.22,3411.46,1267.1,2152.44,2211.82,2922.31,2842.5,2429.06,3052.8
2007,829.72,958.81,885.36,898.24,858.53,848.78,1015.24,745.69,891.95,477.31,1199.09,785.08,710.18,611.68,896.56,970.26,697.06,815.36,789.4,774.04,821.31,585.22,981.27,3045.18,2715.78,2950.17,966.9,1933.05,1985.26,2927.12,2859.24,2490.34,3038.1
2008,937.07,891.17,1035.66,1113.86,833.59,833.15,1042.57,700,818.94,903.72,1121.77,748.36,629.77,961.77,985.48,896.97,910.8,783.13,782.14,711.81,843.46,1199.13,1272.26,2963.91,2548.81,3606.38,1635.4,1969.47,1996.73,3399.39,3315.47,2858.94,3536.6
2009,799.86,834.13,876.05,793.85,774.07,704.32,1017.76,611.6,774.38,670.22,995.99,709.23,583.39,765.05,783.65,863.5,728.55,765.58,733.43,688.67,762.16,956.83,959.94,2764.85,2289.95,2718.02,1339.5,2033.99,2078.07,2755.46,2688.54,2318.62,2864.9
2010,834.76,876.11,847.11,912.03,760.21,781.37,929.68,653.52,833.53,890.52,1028.23,732.9,636.56,854.79,838.28,903.14,788.7,784.21,691.87,738.14,719.79,1012.16,1029.84,3072.19,2584.96,3779.22,1524.4,2099.17,2153.17,3985.71,3902.42,3433.28,4121.9
2011,721.45,703.52,695.63,780.96,682.33,659.68,798.59,575.84,711.09,662.24,885.04,654.87,576.4,760.82,714.03,733.76,687.31,692.92,611.27,653.33,624.66,892.6,920.29,2949.69,2544.69,3800.08,1609.6,2011.35,2065.61,4190.65,4093.44,3556.03,4349.6
2012,863.73,938.63,833.27,880.75,938.23,821.51,1123.33,742.79,890.94,682.08,1181.74,850.47,724.13,661.56,865.42,942.76,657.95,911.31,836.77,833.53,833.35,880.9,1061.21,2843.64,2437.52,3374.4,1599.4,1592.74,1641.84,3474.07,3393.07,2942.52,3606.5
2013,942.61,949.4,1103.82,1002.2,843.38,903.23,1039.99,757.12,908.21,807.63,1250.32,765.81,691.51,867.3,976.81,980.11,902.08,770.93,817.49,741.52,882.37,1053.87,1197.02,3256.85,2887.99,2980.33,1054.4,1828.83,1866.25,2928.3,2857.23,2473.81,3044.5
2014,926.27,813.76,984.17,1022.57,882.65,822.71,1092.99,753.63,808.12,817.21,1062.44,801.61,708.26,948.47,968.39,832.75,905.12,807.26,818.92,761.49,864.36,1141.57,1203.99,2476.74,2158.77,3013.94,1640.6,1543.72,1563.15,2876.07,2802.1,2410.96,2997
2015,707.09,672.04,789.17,741.77,721.6,610.1,906.38,565.63,676.88,544.43,832.58,686.04,563.96,651.41,704.53,691.2,658.12,737.65,641.96,661.54,634.01,794.14,853.44,3114.88,2649.99,2301.39,1643.1,2268.47,2328.71,2347.3,2283.89,1942.54,2451
2016,817.37,925.96,884.1,867.45,760.17,806.99,900.65,674.89,865.28,615.13,1150.7,743.3,671.06,696.85,848.22,921.76,738.07,816.21,696.35,763.69,748.11,796.21,999.53,2690.02,2299.57,3526.92,1675.5,1486.8,1512.76,3560.08,3470.84,2979.11,3706
2017,728.2,828.26,826.27,755.35,715.45,687.73,817.5,615.02,754.08,485.06,972.78,698.12,597.07,631.94,760.92,803.69,696.99,749.18,638.08,695.25,670.61,674.89,838.61,3139.99,2598.71,3473.49,1498.5,1718.72,1747.01,3457.94,3374.11,2921.8,3595
2018,878.16,716.22,1003.32,927.57,806.67,752.35,980.47,692.86,779.45,830.6,965.06,747.91,641.27,1005.53,874.35,788.19,957.42,733.68,758.37,696.85,786.9,1109.62,1092.02,3242.84,2695.48,3113.02,1612.8,2585.34,2643.15,3088.14,3010.07,2588.52,3215.8
2019,833.1,811.33,983.68,839.7,825.92,691.74,1038.17,650.43,757.64,766.52,976.31,746.91,608.18,813.19,842.85,806.52,823.73,768.3,762.69,705.11,793.28,968.42,991.47,2267.03,1941.4,2868.79,1274.9,1748.32,1753.37,2377.93,2313.05,1970.03,2484
2020,808.17,704.35,977.17,814.15,827.05,678.63,1055.4,638.34,736.73,661.08,889.12,741.17,600.56,761.95,834.3,743.42,824.49,761.72,758.53,698.06,796.21,880.88,942.23,2429.48,2054.71,3027.14,1176,1290.47,1296.73,2910.53,2840.16,2464.31,3025.6
