Variable:,pr,,,,,,,,,,,,,,,,,,,,,,,,,,,,,,,,,,,,,,,,,,,,,,,,,,,
,United States,Alabama,Alaska,Arizona,Arkansas,California,Colorado,Connecticut,Delaware,District of Columbia,Florida,Georgia,Hawaii,Idaho,Illinois,Indiana,Iowa,Kansas,Kentucky,Louisiana,Maine,Maryland,Massachusetts,Michigan,Minnesota,Mississippi,Missouri,Montana,Nebraska,Nevada,New Hampshire,New Jersey,New Mexico,New York,North Carolina,North Dakota,Ohio,Oklahoma,Oregon,Pennsylvania,Rhode Island,South Carolina,South Dakota,Tennessee,Texas,Utah,Vermont,Virginia,Washington,West Virginia,Wisconsin,Wyoming
2006,857.61,1149.42,879.76,433.44,998.59,537.67,789.35,1283.11,1314.01,1298.36,1054.12,1236.77,773.17,727.08,999.27,1079.39,827.9,866.75,1207.58,927.21,1264.8,1304.79,1315.39,928.68,673.64,1016.7,977.82,726.37,837.99,526.53,1309.7,1285.57,704.38,1253.39,1317.94,553.02,1159.8,837.38,985.81,1226.43,1322.92,1294.78,708.17,1213.87,732.68,525.8,1304.44,1299.29,1167.06,1243.04,828.85,717.51
2007,865.9,1213.14,873.29,413.93,1087.84,611.05,783.09,1247.97,1264.62,1315.04,972.16,1235.93,654.21,777.48,968.18,1095.7,860.58,846.36,1292.61,997.38,1273.98,1266.76,1263.97,949.72,722.44,1116.33,968.28,720.48,775.64,517.47,1272.19,1198.25,646.51,1198.34,1325.24,583.83,1196.14,844.07,1083.97,1225.49,1269.89,1242.46,706.85,1300.21,724.75,529.47,1248.31,1312.69,1161,1300.25,865.26,711.85
2008,876.54,1247.51,852.35,370.8,1048.31,601.29,740.94,1344.61,1226.26,1263.42,1068.27,1267.53,672.23,834.78,1048.4,1175.98,911.12,858.74,1285.6,1029.21,1299.98,1254.25,1361.45,988.4,717.4,1137.28,1031.13,744.39,879.74,575.88,1355.27,1285.32,634.75,1289.48,1323,588.45,1242.16,800.39,1156.56,1261.48,1358.89,1305.49,746.62,1278.82,707.62,503.27,1328.66,1274.45,1210.38,1270.37,886.82,720.16
2009,876.2,1256.71,871.76,439.05,1040.51,599.05,752.44,1318.75,1352.26,1315.74,1023.17,1297.37,666.66,795.14,1000.61,1096.84,836.87,810.82,1262.1,1020.89,1349.02,1330.57,1360.94,928.7,723.31,1161.76,949.37,766.87,825.4,584.16,1385.58,1296.38,664.16,1265.38,1408.92,590.11,1150.59,742.5,1052.16,1263.7,1306.99,1377.62,715.9,1308.93,727.11,555.88,1353.05,1362.43,1171.37,1339.74,880.3,741.91
2010,854.76,1216.34,854.86,347.28,1031.71,589.81,725.44,1256.69,1225.88,1252.59,1016.28,1243.49,611.87,767.99,1025.35,1126.25,748.47,764.19,1306.91,993.14,1333.69,1225.73,1280.3,979.21,707.16,1122.57,950.11,751.59,795.27,548.52,1304.45,1231.58,591.48,1244.71,1331.07,603.53,1206.08,764.39,1056.89,1268.66,1243.62,1291.82,700.31,1320.47,710.69,465.66,1266.51,1315.55,1194.96,1300.75,865.4,694.5
2011,855.03,1132.27,873.37,371.01,978.25,624.75,787.62,1206.04,1286.84,1315.5,993.57,1188.33,543.64,792.49,971.91,1072.38,825.52,821.62,1206.39,931.91,1240.19,1270.21,1263.78,941.12,710.62,1055.04,972.08,773.57,837.86,606.82,1243.56,1250.44,589.45,1154.84,1272.22,615.06,1134.98,774.38,1086.5,1211.16,1265.76,1206.25,778.69,1239.2,665.48,551.16,1178.52,1307.49,1171.04,1284.04,856.43,740.14
2012,860.49,1213.21,881.89,457.31,1030.26,587.52,770.66,1292.94,1341.49,1308.24,1024,1219.03,646.91,742.44,962.46,1050.01,807.7,803.36,1276.63,965.92,1305.7,1323.49,1319.55,899.62,663.04,1092.84,943.3,743.34,777.98,572.05,1290.25,1324.09,703.64,1237.38,1430.09,547.91,1148.95,789.36,1027.31,1264.72,1326.11,1321.35,691.8,1278.26,721.75,520.39,1284.31,1366.34,1096.35,1309.54,807.4,710.2
2013,850.69,1140.7,850.96,399.7,1017.33,593.13,757.25,1219.92,1207.33,1211.96,990.14,1190.71,728.65,794.24,1009.85,1098.05,809.49,829.27,1217.03,845.36,1300.8,1220.95,1235.79,938.18,713.5,1050.86,961.91,733.88,827.6,577.74,1227.13,1240.24,609.77,1187.97,1297.37,580.86,1194.37,789.19,1094.03,1228.05,1225.24,1266.42,721.48,1236.05,674.42,551.42,1195.95,1238.15,1205.64,1253.06,810.2,699.89
2014,863.94,1173.35,855.08,376.01,1077.29,608.6,781.58,1285.26,1290.66,1378.32,973.09,1177.3,696.33,766.96,1001.82,1089.34,838.95,861.23,1278.85,930.77,1358.59,1323.48,1319.2,975.28,736.07,1051.84,1019.61,734.06,827.18,544.52,1353.21,1255.98,654.61,1260.44,1383.05,565.62,1135.37,847.01,1057.05,1263.11,1262.51,1268.8,698.51,1283.39,689.59,521.98,1333.68,1387.52,1177.85,1314.32,898.92,707.02
2015,853.96,1125.1,911.84,406.91,1001.37,616.62,744.13,1244.77,1287.42,1253.58,1006.12,1171.94,648.59,780.07,940.96,1026.31,797.65,775.67,1205.89,856.42,1276.18,1272.52,1273.9,942.78,715.65,1011.81,918.2,751.41,789.19,570.31,1304.08,1256.43,595.42,1227.74,1354.13,603.86,1144.41,779.03,1034.81,1234.39,1210.8,1264.9,735.54,1233.1,673.03,537.55,1303.88,1291.15,1109.21,1238.4,886.15,722.1
2016,840.15,1121.13,877.19,352.96,933.64,564.53,709.8,1275.62,1197.98,1266.93,1014.35,1180.25,667.61,745.5,986.19,1067.98,816.22,799.81,1241.59,866.57,1346.39,1250.38,1293.14,945.39,672.19,1001.29,927.38,753.91,750.72,505.09,1331.88,1210.76,613.34,1263.5,1310.61,579.52,1190.88,767.16,1037.86,1209.37,1287.66,1244.35,652.56,1215.65,707.66,474.82,1341.35,1308.52,1179.64,1295.51,837.92,656.4
2017,871.43,1280.46,878.89,445.27,1081.68,610.45,777.72,1337.21,1313.81,1357.65,1092.34,1292.1,712.52,733.69,1001.45,1105.57,775.3,818.37,1288.2,981.69,1409.74,1325.85,1319.52,975.38,676.2,1135,975.46,726.05,759.24,560.75,1331.47,1302.27,657.93,1307.73,1430.51,545.94,1220.18,844.01,1007.84,1329.28,1344.47,1373.03,661.42,1326.98,706.69,515.76,1316.85,1382.18,1088.72,1333.37,851.97,695.6
2018,891.28,1321.68,879.69,393.47,1094.96,627.4,743.02,1333.54,1292.59,1325.28,1051.78,1302.92,638.6,782.54,1026.71,1169.39,885.02,850.77,1343.79,1044.14,1287.41,1292.14,1367.11,950.08,733.46,1198.43,999.6,777.03,864.87,594.54,1353.56,1272.43,634.61,1315.42,1435.73,625.33,1217.85,802.14,1078.02,1244.78,1334.9,1355.44,762.34,1379.38,742.78,532.95,1382.75,1371.96,1185.23,1302.8,869.95,702.89
2019,855.49,1181.64,871.66,384.36,1018.84,608.45,725.58,1344.49,1318.94,1314.93,968.73,1264.44,662.3,807.05,995.32,1086.14,800.63,756.77,1278.24,916.94,1308.55,1301.01,1351.83,896.7,664.78,1055.46,936.23,755.74,810.51,586.73,1319.65,1345.42,632.78,1245.05,1418.02,553.92,1164.23,746.58,1104.49,1261.87,1388.95,1331.15,683.38,1263.94,662.58,485.89,1308.74,1362.18,1249.89,1307.53,797.93,727.81
2020,863.21,1182.76,888.67,432.09,994.73,601.08,761.97,1245.15,1243.22,1322.34,933.89,1171.43,884.64,769.33,1004.17,1110.78,796.73,829.05,1265.03,988.88,1321.55,1271.43,1283.57,974.47,666.72,1097.26,955.16,763.72,816.95,585.17,1293.96,1240.13,622.23,1200.35,1321.87,573.2,1154.59,774.07,1010.52,1234.18,1226.71,1207.23,713.26,1246.14,728.86,555.82,1293.66,1334.09,1164.67,1283.53,856.15,720.75
2021,867.54,1208.83,909.47,413.87,1055.92,573.04,734.11,1286.27,1277.13,1280.35,1022.24,1199.28,669.63,749.6,905.65,1056.42,811.93,809.59,1239.18,1002.37,1371.06,1279.42,1356.93,936,717.94,1121.63,917.75,744.46,785.61,602.78,1335.11,1268.17,650.67,1226.23,1306.99,604.55,1183.84,836.32,1051.05,1239.24,1337.53,1248.12,707.89,1239.03,734.87,561.37,1305.09,1281.7,1131.95,1285.94,834.23,725.92
2022,886.26,1304.1,894.01,433.75,1100,618.41,787.01,1356.9,1315.8,1370.22,1069,1316.72,646.13,772.92,998.05,1137.77,825.82,834.04,1394.56,1040.15,1335.16,1347.27,1394.56,924.25,675.9,1223.28,971.92,733.92,809.58,613.19,1395.51,1367.59,636.14,1323.48,1453.89,570.95,1226.97,790.63,1053.15,1324.66,1390.19,1408.61,688.81,1423.18,736.91,559.76,1394.28,1370.54,1066.23,1305.41,822.83,725.47
2023,860.91,1156.36,895.62,454.19,1026.55,546.46,724.51,1342.64,1264.3,1290.55,986.9,1188.17,660.75,723.46,1018.11,1132.87,851.01,778.79,1259.12,958.8,1400.45,1286.81,1356.76,983.53,729.78,1079.87,996.74,704.53,737.38,528.85,1374.82,1310.31,669.35,1253.61,1353.12,584.44,1206.44,789.97,1040.49,1308.8,1369.35,1309.38,690.29,1267.03,695.86,536.37,1321.88,1297.28,1152.5,1290.53,897.46,668.68
2024,864.19,1256.35,874.61,377.25,1048.45,537.27,719.09,1203.13,1302.82,1332.81,1030.99,1248.66,552.22,790.37,1001.24,1141.88,823.48,784.55,1286.33,990.92,1326.83,1320.6,1230.99,941.84,670.27,1146.9,968.64,771.82,762.51,542.39,1317.94,1243.69,605.88,1279.94,1362.47,568.5,1205.37,817.32,1057.46,1257.97,1210.93,1278.13,682.92,1316.06,771.65,495.61,1331.59,1348.1,1189.23,1290.6,813.76,701.2
2025,855.1,1196.76,879.88,398.14,1012.38,559.56,751.52,1225.98,1250.83,1288.06,946.39,1205.76,704.75,730.7,1019.99,1141.14,850.98,831.21,1283.2,960.95,1278.82,1279.01,1253.26,940.67,699.47,1108.7,946.58,740.01,845.03,552.35,1243.9,1247.65,628.63,1219.55,1354.92,584.96,1207.95,766.38,1022.59,1241.4,1254.32,1271.54,743.63,1259.52,662.08,527.49,1227.44,1311.35,1169.95,1287.23,847.49,715.33
2026,855.35,1229.64,899.88,358.83,1003.23,534.33,697.68,1198.67,1202.58,1230.46,1007.05,1255.6,742.41,786.39,953.52,1095.63,819.1,847.15,1239.06,977.13,1264.83,1223.68,1226.65,938.27,716.96,1119.5,942.39,724.91,782.67,537.75,1256.01,1194.81,574.82,1213.27,1433.12,585.12,1215.62,804.2,1057.81,1209.81,1223.03,1379.6,705.06,1267.91,693.17,512.13,1262.04,1334.89,1149.67,1312.54,851.07,687.2
2027,887.8,1219.54,884.57,411.96,1072.95,649.32,748.38,1337.92,1412.63,1385.51,1045.79,1275.31,715.13,760.82,1019.39,1136.41,885.29,864.54,1322.25,952.01,1360.68,1372.82,1325.79,989.86,761.61,1101.56,982.36,769.38,848.55,584.26,1333.03,1369.11,658.93,1270.64,1403.54,603.45,1274.24,866.85,1058.44,1275.49,1349.68,1326.41,741.66,1324.38,743.96,490.34,1326.39,1366.13,1215.13,1334.8,896.49,685.6
2028,877.99,1199.52,896.47,464.29,1071.15,599.45,817.2,1239.13,1239.51,1254.49,1017.69,1164.23,732.2,782.88,989.18,1087.81,796.28,806.83,1269.63,1035.16,1347.26,1250.36,1283.84,896.78,728.49,1116.33,959.64,790.7,823.08,593.03,1318.52,1301.32,639.07,1221.98,1352.3,613.8,1145.61,870.03,1017.32,1230.96,1305.74,1233.57,748.33,1287.11,748.8,583.82,1323.46,1314.28,1099.05,1275.64,846.54,769.89
2029,860.31,1232.86,886.93,380.28,1009.81,598.06,780.22,1307.19,1245.25,1292.73,1054.71,1293.96,698.22,747.88,956.32,1048.4,846.45,797.58,1215.42,936.65,1426.1,1248.65,1406.46,882.15,715.54,1096.58,948.94,735.59,825.8,546.49,1428.09,1260.45,648.24,1285.05,1368.17,601.9,1148.65,770.34,1077.94,1255.21,1398.51,1311.67,730.94,1230.92,660.64,496.14,1377.01,1293.63,1160.64,1275.44,838.86,700.29
2030,847.35,1212.48,926.83,383.02,1013.06,558.4,728.91,1301.46,1256.8,1295.13,1024.24,1258.64,545.24,705.66,986.76,1096.85,794.57,810.18,1235.23,920.67,1316.23,1280.61,1298.13,938.95,708.14,1085.46,942.1,693.33,724.46,524.38,1305.53,1274.81,547.52,1216.22,1367.63,556.11,1132.08,794.45,925.86,1232.91,1318.81,1299.49,686.85,1255.54,682.09,505.02,1245.39,1320.36,1104.06,1276.6,855.11,692.21
2031,887.57,1232.39,888.05,452.07,1080.94,688.35,742.72,1295.91,1330.47,1353.76,973.94,1242.17,642.87,819.58,1028.83,1114.41,840.08,792.24,1295.94,985.07,1286.43,1331.62,1285.89,957.73,709.05,1122.46,1025.42,762.83,797.31,653.35,1283,1328.39,678.9,1252.64,1398.59,560.73,1195.88,840.08,1125.23,1266.43,1287.29,1288.47,705.04,1323.14,762.23,542.99,1259.37,1351.83,1158.94,1274.16,854.67,723.6
2032,879.24,1237.13,940.53,402.25,1141.46,597.43,767.6,1301.12,1346.07,1355.47,1083.57,1289.47,652.06,753.36,1039.75,1132.73,869.1,803.45,1275.06,1028.3,1315.42,1317.37,1307,964.65,681.08,1137.03,999.82,737.17,812.87,589.13,1302.5,1289.62,631.91,1201.23,1397.87,600.69,1166.36,793.39,992.44,1184.39,1324.54,1313.98,715.77,1296.53,716.22,527.33,1312.85,1342.46,1092.67,1259.76,869.24,727.5
2033,862.85,1156.27,898.49,381.39,999.94,503.41,759.94,1327.28,1239.31,1267.39,983.59,1208.46,523.62,783.05,1023.26,1132.81,867.64,862.74,1256.05,911.82,1344.69,1251.65,1334.22,980.04,707.57,1041.26,1005.67,769.94,866.42,531.19,1320.57,1292.77,565.99,1284.45,1257.26,552.07,1202.01,835.37,1034.77,1311.49,1311.33,1220.61,720,1247.85,659.38,539.76,1334.62,1274.78,1238.56,1287.52,898.61,729.43
2034,843.36,1140.67,933.7,324.33,969.4,507.6,757.73,1179.06,1307.39,1352.98,1015.47,1229.17,651.85,737.21,933.57,1098.69,771.63,796.97,1239.55,937.42,1372.36,1314.61,1244.47,914.1,664.59,1077.78,913.64,697.78,773.83,515.04,1286.94,1257.68,625.48,1217.65,1357.59,547.06,1175.04,771.76,978.95,1244.56,1217.2,1252.66,685.16,1213.25,671.8,508.02,1273.15,1359.56,1111.66,1333.98,790.53,687.89
2035,877.89,1208.06,885.65,428.66,1046.31,594,757.79,1274.76,1198.36,1215.97,992.64,1277.33,652.87,839.36,1020.61,1144.59,798.65,856.7,1289.88,960.23,1330.87,1189.2,1325.91,971.77,714.48,1115.17,983,755.45,813.08,591.65,1350.64,1230.64,675.99,1258.35,1349.96,568.25,1154.17,874.7,1087.16,1190.14,1277.93,1341.15,710.18,1291.62,708.57,571.82,1323.98,1273.91,1250.18,1227.81,876.11,723.49
2036,852.14,1168.02,923.93,357.56,962.55,510.29,686.53,1368.1,1314.97,1285.91,987.69,1133.38,725.59,742.64,1008.75,1098.77,878.06,755.53,1238.58,877.1,1328.16,1307.81,1393.63,1006.36,766.49,1057.25,929.07,735.04,784.34,535.64,1365.19,1307.88,556.41,1296.07,1312.13,612.26,1196.61,742.28,1079.96,1311.51,1403.88,1247.08,760.86,1214.7,617.53,491.58,1333.21,1280.61,1184.17,1320.5,919.23,702.93
2037,881.6,1177.78,896.56,358.96,1092.64,599.28,748.48,1350.23,1385.55,1458.01,1029.06,1213.95,701.26,796.88,1073.08,1169.87,884.34,819.61,1326.66,973.69,1389.86,1401.13,1416.24,993.68,682.76,1079.69,1032.45,765.06,835.53,566.66,1424.01,1333.51,618.04,1352.02,1426.46,559.97,1247.42,791.94,1071.87,1328.57,1364.44,1296.74,719.27,1327.11,706.74,498.44,1418.11,1410.88,1155.94,1357.17,879.88,726.13
2038,861.53,1191.21,921.69,351.99,1047.14,525.24,741.45,1247.7,1290.78,1253.15,1087.28,1244.58,578.74,729.63,993.86,1102,845.2,868.62,1285.39,968.93,1279.95,1249.9,1321.79,897.82,699.74,1115.34,993.52,743.1,834.86,510.71,1334.92,1261.52,679.88,1204.37,1385.56,577.17,1118.86,829.03,925.81,1171.22,1264.32,1321.3,708.25,1306.1,759.17,451.63,1327.39,1300.34,1125.54,1220.16,823.19,684.28
2039,874.6,1132.92,904.09,486.72,1041.46,531.82,769.72,1302.38,1266.04,1317.72,1022.27,1265.58,597.5,820.93,1040.57,1133.01,855.73,876.21,1286.07,785.58,1388.59,1285.92,1306.32,912.41,704.34,988.54,1084.54,787.94,862.08,592.66,1327.29,1291.31,642.78,1240.29,1379.4,609.58,1172.44,811.6,1032.05,1235.34,1306.21,1281.26,689.2,1273.02,666.15,592.23,1327,1316.61,1188.92,1249.68,857.38,729.64
2040,870.43,1211.48,910.73,379.37,1100.25,570.29,728.09,1279.78,1345.61,1322.48,976.6,1231.94,751.57,743.21,1028.76,1166.41,849.38,848.25,1283.46,1019.03,1340.42,1311.01,1281.92,959.39,716.06,1154.08,1015.06,709.16,840.49,539,1254.04,1287.46,593.36,1238.3,1356.65,585.15,1205.07,842.15,992.86,1230.69,1271.16,1284.47,705.52,1288.69,760.81,512.21,1254.68,1312.62,1138.91,1252.91,866.26,698.45
2041,892.35,1262.62,925.56,402.27,1136.09,605.53,786.28,1371.99,1378.82,1404.13,1087.08,1366.26,819.3,812.02,1035.79,1176.39,825.52,849.91,1369.42,973.58,1298.2,1349.26,1367.46,963.53,700.81,1116.44,1029.53,732.1,817.84,582.19,1372.48,1374.59,604.43,1340.9,1479.71,550.89,1233.32,831.19,1082.77,1306.72,1338.19,1466.35,706.81,1406.14,683.8,540.98,1352.89,1391.7,1129.81,1327.34,857.75,744.17
2042,903.36,1334.34,905.99,456.32,1101.74,704.58,763,1337.78,1363.06,1326.19,1100.61,1360.34,742.6,809.06,1080.23,1173.15,869.35,824.93,1343.92,1026.56,1324.3,1324.77,1319,934.79,707.56,1191.97,1072.67,756.77,827.33,633,1324.36,1306.92,625.69,1237.49,1448.41,584.63,1209.43,813.65,1153.31,1261.52,1340.86,1373.64,722.3,1380.8,720.39,556.26,1318.62,1397.42,1259.67,1348.3,849.43,722.27
2043,888.47,1188.56,927.79,410.01,1015.77,609.01,761.06,1252.65,1334.51,1302.16,1094.86,1215.73,650.58,835.7,1030.96,1153.41,866.77,867.05,1286.04,974.18,1351.97,1321.05,1274.99,981.63,706.17,1105.8,1001.24,740.11,811.99,583.68,1305.22,1295.24,658.05,1285.56,1360.62,597.2,1220.66,848.03,1120.87,1306.84,1307.37,1303.62,713.41,1278.22,740.25,512.75,1325.59,1329.73,1206.29,1332.36,827.04,714.36
2044,890.82,1332.25,922.1,415.28,1079.55,665.93,757.01,1355.92,1314.6,1363.3,1129.65,1339.07,583.18,754.52,993.85,1111.39,877.64,871.49,1306.35,974.89,1421.94,1313.97,1404.1,969.25,733.68,1176.91,983.04,713.59,798.31,567.9,1411.81,1288.03,640.24,1249.53,1493.04,591.99,1170.04,860.32,1052.14,1217.17,1401.07,1398.24,695.44,1365.4,725.87,540.66,1352.73,1424.32,1128.45,1333.29,891.95,687.93
2045,860.74,1183.39,905.25,361.33,1011.1,560.29,774.38,1363.45,1324.97,1317.24,1006.97,1221.16,698.5,761.26,972.33,1079.53,868.38,835.53,1259.42,917.21,1365.12,1311.91,1366.06,930.85,677.6,1094.07,933.31,720.09,851.91,508.86,1371.24,1315.35,647.9,1229.56,1364.71,553.05,1163.41,808.12,1005.45,1264.01,1401.7,1249.1,719.62,1260.17,713.76,472.67,1310.39,1350.26,1185.73,1321.32,850.29,703.69
2046,879.19,1279.73,915.12,346.43,985.92,669.31,738.08,1303.14,1302.61,1315.18,1008.62,1277.83,765.83,838.93,1038.07,1122.37,872.86,811.44,1292.77,970.75,1336.05,1292.7,1379.08,978.96,750.31,1127.13,988.3,773.38,793.34,573.77,1349.65,1233.95,598.97,1261.18,1362.87,623.9,1179.17,761.59,1142.19,1213.5,1338.01,1279.67,770.39,1310.68,663.98,481.52,1308.31,1331.45,1181.55,1288.65,903.81,718.62
2047,870.93,1220.28,923.99,408.62,959.23,597.15,738.04,1329.9,1301.39,1333.26,1029.69,1254.19,633.95,794.82,1001.9,1105.26,870.55,845.15,1268.55,940.88,1331.35,1307.45,1352.74,932.61,691.64,1078.91,930.5,735.78,817,577.63,1335.33,1298.13,609.79,1267.65,1413.05,553.3,1209.1,779.43,1128.59,1249.59,1320.7,1332.34,709.41,1291.06,641.25,532.67,1321.09,1357.72,1228.23,1291.51,828.2,720.73
2048,864.02,1166.15,941.23,408.73,971.56,581.25,764.25,1235.45,1313.62,1309.35,1058.97,1292.6,505.77,760.26,1009.9,1109.99,852.47,788.73,1241.56,876.99,1341.35,1295.58,1243.45,921.27,693.8,1034.02,967.75,727.92,781.43,598.82,1283.83,1299.18,654.42,1232.67,1425.17,584.59,1188.47,751.49,1007.78,1252.84,1246.11,1362.17,685.49,1197.81,636.38,538.55,1274.2,1348.9,1147.35,1266.18,834.54,700.94
2049,878.38,1179.29,913.05,452.04,959.2,653.12,772.66,1249.43,1294.8,1384.2,1045.81,1237.29,629.75,834.42,1009.55,1110.45,866.89,830.37,1253.58,911.56,1357.17,1303.58,1290.45,1026.4,748.19,1049.78,958.37,726.68,833.37,639.42,1311.64,1256.2,613.95,1220.58,1378.69,613.5,1169.6,758.56,1039.36,1165.09,1288.84,1326.33,752.57,1236.19,684.85,569.48,1315.58,1373.73,1135.86,1282.19,937.36,740.45
2050,885.35,1173.58,903.53,385.7,1028.66,552.39,756.97,1327.87,1348.53,1405.14,1043.98,1250.19,695.73,768.84,1055,1174.77,864.45,875.07,1317.52,999.54,1328.93,1346.82,1379.45,989.47,713.45,1086.68,1008.8,763.09,902.7,543.22,1324.29,1343.46,596.33,1274.82,1445.16,621.56,1253.41,832.84,1066.04,1268.64,1376.05,1403.38,753.49,1282.39,737.5,495.11,1306.78,1381.45,1222.04,1315.09,880.29,733.68
2051,845.52,1134.24,932.65,400.48,933.63,624.9,725.88,1268.11,1288.76,1337.46,975.77,1202.48,734.03,765.22,906.21,1012.36,811.98,805.61,1184.18,844.63,1419.57,1302.18,1284.98,878.96,675.49,998.58,910.81,728.16,781.13,544.38,1360.61,1260.57,627.53,1225.27,1332.41,586.65,1110.24,777.06,1034.85,1198.87,1289.46,1252.54,691.13,1169.97,650.64,461.14,1360.7,1319.59,1123.85,1247.28,771.79,680.7
2052,888.38,1188.14,937.49,385.87,1062.47,522.54,808.31,1305.53,1281.55,1265.24,1055.1,1297.16,610.73,815.57,1030.74,1117.57,890.91,854.75,1304.69,919.8,1330.44,1280.91,1330.31,984.02,729.52,1070.71,1022.69,785.74,862.64,567.43,1325.58,1328.97,604.58,1268.71,1404,559.55,1194.02,871.44,1078.66,1293.88,1351.67,1379.67,756.11,1333.67,675.09,524.46,1346.9,1313.96,1241.41,1314.55,914.53,751.22
2053,884.22,1172.38,915.38,394.54,927.25,623.84,768.86,1350.99,1322.36,1370.32,993.29,1261.97,638.79,816.22,1028.95,1149.35,905.55,827.71,1260.74,898.46,1378.43,1348.52,1375.53,1022.98,742.12,1081.64,952.16,749.97,826.51,574.48,1375.04,1300.91,651.03,1271.55,1461.34,568.39,1210.96,785.42,1093.15,1318.36,1397.33,1401.83,731.25,1247.32,670.35,542.28,1356.6,1420.72,1209.89,1398.29,936.79,726.39
2054,881.05,1251.17,940.44,442.59,1017.34,593.52,738.55,1358.53,1243.9,1273.96,1057.47,1295,609.37,807.86,993.93,1105.15,799.1,863.48,1273.68,1025,1451.68,1273.83,1373.26,967.21,717.48,1119.76,975.91,737.76,810.99,581.84,1445.49,1305,617.63,1314.83,1346.42,552.86,1190.7,815.47,1074.6,1276.28,1288.44,1326.98,691.28,1279.78,689.12,517.64,1436.94,1287.77,1116.36,1257.41,870.36,721.03
2055,896.47,1270.22,915.72,372.97,1047.51,645.89,775.86,1310.28,1345.74,1434.52,1071.66,1370.81,613.75,828.82,1014.27,1093.07,843.5,838.93,1268.69,1053.6,1224.18,1355.07,1312.74,960.05,731.62,1140.72,978.2,779.17,851.51,604.51,1306.56,1346.03,648.54,1249.62,1507.49,600.06,1163.01,820.75,1104.87,1275.57,1340.69,1483.23,770.58,1312.24,732.98,530.85,1284.57,1448.88,1220.18,1336.25,894.72,721.32
2056,872.36,1176.22,939.12,413.39,1025.82,554.24,765.12,1296.09,1210.2,1238.99,1022.12,1198.34,542.25,772.4,1007.76,1103.59,823.39,868.59,1248.76,1009.83,1356.17,1215.71,1322.3,943.42,713.34,1117.35,969.4,734.71,797.63,543.78,1341.91,1246.78,674.21,1301.2,1286.42,580.51,1169.81,816.38,1028.32,1217.41,1318.45,1230.12,710.5,1263.01,730.33,499.81,1367.67,1236.64,1128.58,1204.38,852.77,742.45
2057,849.37,1102.83,908.86,352.43,997.44,601.66,698.45,1292.31,1297.08,1291.84,985.82,1125.39,682.01,812.45,977.13,1104.23,780.53,763.79,1263.93,885.63,1361.66,1271.84,1345.4,910.4,646.56,1058.23,940.34,743.52,746.47,587.49,1345.19,1268.06,627.17,1228.12,1363.75,555.86,1216.82,709.57,1117.54,1228.12,1363.96,1254.05,681.63,1269.75,618.1,496.06,1305.66,1326.82,1264.24,1298.96,782.06,722.36
2058,896.21,1315.77,958.28,416.34,1028.5,577.5,791.26,1427.82,1343.45,1367.92,1093.6,1345.44,656.9,810.27,994.61,1141.92,832.55,792.9,1314.35,1008.45,1487.11,1370.36,1454.02,950.2,695.31,1152.15,922.36,732.47,761.07,597.27,1491.77,1395.72,675.79,1360.47,1449.81,581.04,1255.28,809.87,1005.81,1369.27,1438.11,1415.84,675.31,1331.37,736.47,553.97,1473.84,1403.85,1135.29,1336.74,842.19,745.44
2059,877.65,1180.31,909.94,446.29,966.04,646.74,748.61,1380.5,1272.37,1257.05,1053.19,1249.87,539,852.62,1005.47,1120,843.77,817.2,1302.83,863.21,1450.73,1275.59,1417.86,1007.11,725.71,1037.56,957.65,752.17,808.62,610.18,1429.99,1293.5,648.49,1318.03,1323.15,566.63,1191.49,781.4,1114.78,1274.86,1398.38,1272.18,689.64,1254.05,648.32,542.71,1407.23,1311.87,1210.54,1287.28,893.97,706.59
2060,877.87,1297.43,934.33,356.9,1059.83,526.22,779.84,1232.82,1385.26,1380.49,1067.65,1260.73,596.47,775.85,991.35,1089.36,894.27,823.69,1240.68,980.9,1326.88,1346.25,1263.19,941.69,732.25,1173.51,956.76,755.51,789.05,556.07,1308.45,1314.75,719.3,1212.96,1371.21,542.47,1154.36,868.63,1021.59,1219.52,1255.89,1304.25,684.34,1290.72,730.7,527.88,1283.92,1346.77,1146.27,1237.51,874.65,718.08
2061,895.11,1222.08,942.07,361.51,1094.47,514.5,775.52,1386.35,1390.16,1410.22,1042.79,1237.04,773.97,789.86,1052.82,1197.12,856.44,841.11,1342.43,1041.31,1375.8,1406.71,1422.63,970.06,707.02,1139.87,999.18,765.99,823.05,527.45,1432.65,1373.75,658.51,1359.54,1411.77,599.51,1269.26,894.62,995.95,1353.32,1390.63,1286.13,691.69,1319.71,788.94,476.05,1416.62,1428.83,1165.99,1395.87,873.53,731.31
2062,888.49,1241.5,947.41,340.8,1034.87,641.65,763.41,1264.16,1363.15,1365.21,1044.42,1301.53,676.64,848.22,998.87,1123.97,822.24,806.51,1337.61,974.5,1348.17,1357.65,1296.16,954.86,715.4,1108.75,968.05,796.45,853.3,591.78,1325.68,1300.19,550.76,1228.85,1467.75,615.24,1186.36,811.86,1128.49,1262.92,1324.6,1378.95,753.22,1331.53,653.28,489.12,1298.06,1402.45,1232.84,1347.58,851.58,768.38
2063,883.14,1191.64,923.18,392.43,1085.69,485.49,708.03,1456.93,1358.52,1377.8,980.21,1197.99,662.12,769.58,1105.81,1187.13,858.34,877.9,1334.96,928.81,1430.22,1371.25,1427.67,955.76,746.45,1097.33,1090.87,741.18,817.91,494.98,1392.13,1380.72,613.03,1333.98,1398.79,607.04,1260.83,856.57,1020.84,1373.46,1523.56,1268.26,735.61,1315.52,737.77,459.93,1362.66,1403.37,1217.76,1412.59,860.14,664.01
2064,897.86,1245.74,963.4,463.41,1047.47,547.29,819.83,1318.72,1238.13,1260.16,1132.83,1351.51,692.39,790.9,1010.35,1106.23,832.65,815.25,1254.08,947.8,1342.45,1253.11,1317.9,977.4,722.34,1117.02,967.08,754.34,815.14,564.33,1314.6,1222.71,699.2,1211.48,1471.06,640.41,1127.33,839.65,1023.43,1195.27,1316.96,1440.3,736.48,1307.61,756.59,595.76,1292.09,1330.11,1137.5,1247.54,891.93,738.89
2065,872.43,1116.83,929.06,375.65,1049.91,587.69,794.4,1288.74,1262.64,1224.07,976.75,1215.05,560.75,858.11,1036.34,1124.25,827.85,799.96,1278.11,851.04,1308.54,1244.96,1297.8,880.74,705.69,1039.36,1046.12,797.27,840.63,578.24,1258.91,1282.49,671.33,1203.17,1347.52,597.48,1158.64,737.08,1124.34,1214.88,1275.82,1300.08,732.43,1305.42,667.55,500.62,1256.75,1257.42,1225.05,1257.63,810.76,754.24
2066,887.32,1216.84,977.96,351.49,1108.47,570.11,817.97,1247.71,1291.29,1301.76,1009.07,1276.11,706.27,734.22,1068.54,1170.43,890.25,887.86,1311.24,935.07,1351.73,1280.79,1292.45,971.06,683.93,1088.66,1047.86,734.79,843.18,526.54,1325.52,1246.75,674.3,1232.24,1334.09,587.13,1228.38,893.95,977.62,1229.67,1288.99,1269.43,693.09,1288.75,722.18,525.69,1297.41,1301.57,1175.92,1284.99,851.1,726.86
2067,894.38,1266.21,921.18,357.88,1093.41,587.56,801.03,1376.2,1407.78,1364.03,1096.14,1271.07,665.77,823.68,1034.71,1163.37,849.35,841.36,1331.88,1055.6,1409.37,1372.45,1437.19,951.85,689.75,1183.57,1006.81,800.86,820.68,541.48,1422.07,1361.93,659.12,1317.1,1468.23,546.83,1229.55,793.02,1091.16,1250.65,1442.62,1375.35,701.4,1375.42,719.71,503.19,1401.99,1406.06,1199.37,1331.25,841.77,771.52
2068,912.47,1212.86,961.41,464.69,1080.37,687.6,761.14,1362.68,1346.26,1316.15,1092.64,1278.52,683.06,895.56,1030.36,1102.11,898.69,841.02,1241.44,888.21,1413.84,1329.49,1399.13,985.28,701.09,1060.1,1004.39,812.42,876.84,673.39,1407.25,1302.03,628.62,1328.32,1438.24,610.72,1210.97,812.88,1140.49,1295.47,1357.34,1350.8,770.59,1280.8,691.67,582.83,1400.51,1364.26,1212.1,1344.38,887.11,780.56
2069,878.67,1239.88,942.02,383.32,1059.95,556.32,722.14,1400.09,1354.31,1378.68,1039.83,1223.93,678.53,846.86,1017.48,1094.64,800.72,730.52,1301.85,951.98,1362.38,1368.47,1431.65,961.15,720.21,1115.82,970.4,751.54,751.16,592.18,1413.14,1357.12,635.34,1318.25,1424.4,598.81,1212.89,728.44,1102.79,1303.04,1403.04,1303.54,689.84,1280.37,662.52,528.17,1384.73,1411.24,1259.26,1391.03,856.91,696.97
2070,868.25,1123.17,945.69,342.7,918.47,565.19,732.83,1369.92,1312.12,1272.32,976.52,1180.64,686.84,802.09,1037.26,1093.86,862,790.27,1240.29,923.46,1471.07,1276.5,1377.04,1003.35,716.92,1052.46,1001.34,734.73,767.19,574.98,1408.23,1329.72,597.23,1309.18,1348.67,582.68,1195.08,730.23,1131.18,1254.11,1353.8,1290.45,702.77,1228.81,652.02,507.46,1421.82,1298.21,1237.35,1266.98,870.32,718.49
2071,895.54,1195.25,979.84,420.16,928.08,599.54,786.21,1355.81,1343.66,1398.07,1053.85,1276.33,731.36,780.43,1015.33,1138.43,844.9,858.78,1298.16,895.65,1457.98,1363.26,1422.74,979.64,741.95,1036.79,965.81,797.23,808.12,578.17,1456.15,1340.73,643.37,1279.87,1466.77,624.14,1233.36,766.05,1050.7,1290.76,1360.46,1361.13,721.54,1257.27,645.8,560.13,1412.16,1424.98,1229.65,1363.62,918.04,743.23
2072,920.13,1282.1,930.08,414.27,1066.61,678.02,786.41,1400.2,1405.52,1398.71,1068.27,1383.22,625.42,798.61,1100.16,1224.29,904.53,909.25,1391.32,1032.84,1359.42,1374.97,1424.17,957.02,755.41,1155.27,1043.02,782.7,871.37,616.36,1367.37,1375.65,661.31,1332.31,1480.79,627.95,1261.29,842.36,1150.01,1319.55,1460.84,1412.99,786.99,1346.74,712.19,547.64,1359.53,1444.36,1216.18,1346.87,895.62,747.17
2073,896.35,1196.55,961.43,337.28,990.48,588.38,761.22,1273.36,1348.9,1379.66,1040.55,1277.77,609.52,813.34,1026.4,1138.55,866.86,822,1279.13,973.96,1398.09,1355.25,1361.87,947.97,742.35,1116.18,959.17,821.49,862.61,624.28,1379.98,1326.9,590.26,1219.45,1463.91,647.83,1172.73,813,1125.11,1241.8,1299.53,1426.92,770.47,1270.58,700.74,533.59,1302.46,1360.97,1201.96,1281.15,883.71,791.81
2074,877.13,1147.26,970.99,379.04,1045.72,567.65,750.29,1323.4,1293.08,1275.82,986.69,1204.8,638.41,797.99,1009.82,1132.34,811.14,818.56,1269.05,905.86,1320.66,1281.38,1357.7,966.8,692.64,1065.67,976.52,744.23,811.54,561.67,1354.74,1309.76,618.71,1284.06,1375.19,605.79,1171.73,831.5,1067.42,1279.63,1314.97,1283.83,687.9,1252.4,686.86,536.55,1334.01,1333.88,1207.74,1300.05,785.29,728.37
2075,893.27,1253.93,977.84,301.8,1058.25,530.3,732.6,1381.19,1256.41,1353.35,1056.16,1311.9,687.68,783.67,1099.7,1243.75,910.25,854.84,1384.28,875.34,1469.84,1311.61,1413.85,1056.65,756.39,1127.87,1044.76,723.03,878.77,523.37,1423.4,1307.2,534.15,1337.84,1415.2,602.5,1315.99,814.35,1052.9,1305.7,1384.48,1336.99,740.88,1382.46,633.3,481.48,1394.06,1399.8,1188.61,1416.6,920.72,733.6
2076,885.81,1223.62,974.52,360.58,990.25,570.83,750.26,1414.46,1334.95,1367.94,1084.27,1309.03,683.31,811.68,1002.67,1150.56,822.65,806.55,1250.55,883.44,1430.16,1351.1,1461.16,985.15,672.88,1060.67,962.93,768.88,835.33,530.88,1455.83,1364.27,619.18,1341.9,1428.78,545.58,1272.05,805.01,1076.33,1371.52,1468.06,1382.06,726.37,1249.41,663.21,486.84,1416.64,1391.38,1181.57,1378.48,883.48,734.9
2077,888.27,1149.03,981.06,433.62,1054.63,596.21,739.66,1327.16,1413.35,1451.51,949.89,1213.86,536.06,746.7,1045.59,1117.58,888.24,891.35,1255.46,875.86,1383.23,1399.83,1345.6,1012.48,743.13,1014.56,1058.37,728.45,868.2,609.28,1317,1332.36,606.34,1230.01,1474.66,598.76,1182.83,825.6,983.14,1279.54,1344.34,1375.02,748.84,1304.37,648.75,548.46,1264.45,1431.99,1106.01,1326.07,909.43,757.02
2078,893.69,1222.62,1017.14,434.36,969.22,597.87,775.81,1350.37,1319.76,1329.15,1056.35,1237.83,748.37,773.89,1011.27,1106.06,889.86,843.24,1247.73,960.46,1410.26,1308.25,1397.32,953.03,688.11,1112.67,998.56,762.23,821.48,546.84,1445.16,1310.57,657.36,1284.95,1380.24,590.63,1200.56,806.85,1036.85,1274.95,1310.95,1314.71,745.7,1242.46,667.23,530.33,1422.29,1365.56,1202.66,1310.89,868.31,731.37
2079,924.88,1258.92,1003.55,385.76,1095.14,613.04,801.95,1393.88,1334.72,1389.42,1081.65,1325.01,718.88,831.12,1056.94,1177.05,905.83,846.24,1366.78,1020.13,1401.37,1366.92,1418.88,1021.36,735.66,1107.55,1001.91,737.48,837.23,627.2,1422.09,1335.08,664.2,1299.39,1518.6,585.5,1231.52,839.72,1139.94,1301.38,1436.57,1430.03,734.21,1372.91,772.97,547.35,1417.18,1460.92,1230.38,1351.41,915.82,720.85
2080,901.54,1208,1010.77,475.33,1040.62,567.59,790.84,1326.12,1376.67,1292.17,1059.53,1222.68,667.48,832.67,1081.32,1172.28,899.91,827.7,1292.22,926.38,1340.39,1328.44,1359.58,998.25,711.47,1104.2,1024.6,731.07,837.45,582.96,1379.62,1366.73,657.98,1301.91,1356.4,562.43,1253.64,801.59,1045.4,1329.14,1321.96,1268.1,708.31,1257.75,681.8,576.52,1359.92,1348.18,1179.93,1330.46,893.48,738.67
2081,911.07,1227.59,949.12,464.13,1015.12,626,784.67,1430.17,1408.6,1443.99,1056.21,1297.59,728.14,838,1076.76,1177.38,910.68,834.87,1348.44,850.03,1451.03,1398.47,1442.45,1054.93,745.36,1052.76,1010.79,772.28,852.15,616.35,1423.41,1418.15,711.51,1350.81,1440.8,622.51,1249.74,779.95,1108.56,1348.94,1458.56,1370.8,738.93,1350.66,653.19,550.84,1397.3,1420.1,1257.05,1373.22,956.79,758.15
2082,908.38,1178.21,1007.18,425.91,997.05,590.99,752.12,1336.32,1289.36,1286.65,959.75,1237.28,587.13,796.03,1088.8,1227.22,911.96,846.71,1305.65,863.21,1508.13,1301.94,1401.47,1098.14,756.88,1049.07,1000.2,794.12,816.36,595.74,1483.86,1342.51,612.62,1386.65,1383.82,639.34,1313.22,786.33,1046.72,1384.92,1299.36,1332.42,751.68,1295,670.49,558.3,1491.8,1357.25,1198.23,1348.11,973.49,713.27
2083,870.62,1147.34,963.52,332.67,939.49,514.77,766.76,1363.64,1405.73,1378.1,1039.43,1277.27,687.39,793.09,952.86,1100.4,838.49,815.28,1258.67,834.31,1369.04,1378.17,1374.98,945.91,739.52,999.94,928.15,798,843.66,503.58,1375.02,1372.58,604.73,1335.26,1380.09,596.79,1212.09,739.12,1073.85,1321.6,1336.53,1326.44,736.46,1209.06,625.24,478,1386.44,1374.49,1210.77,1320.4,869.25,751.22
2084,884.69,1126.23,970.01,371.28,1038,609.15,801.19,1233.93,1293.93,1296.97,1009.65,1157.24,622.2,838.14,985.78,1049.46,851.08,874.44,1170.09,927.9,1376.31,1287.65,1297.86,937.12,696.18,1047.47,997.58,781.97,845.65,632.53,1318.87,1236.87,620.49,1208.53,1325.05,607.82,1160.19,850.59,1100.99,1217.46,1259.79,1231.46,744.76,1229.51,672.48,560.72,1316.43,1328.18,1197.17,1291.88,852.11,779.39
2085,915.6,1215.48,1029.32,379.64,1132.27,586.93,816.74,1344.2,1397.42,1419.74,1013.42,1261.35,628.15,833.85,1039.16,1120.74,928.24,925.6,1288.83,905.99,1431.36,1369.84,1382.55,993.23,745.99,1101.48,1052.38,763.79,876.79,549.78,1416.97,1361.33,655.83,1325.61,1405.17,575.24,1244.39,909.32,1048.49,1324.61,1339.3,1317.84,718.79,1293.86,726.74,546.6,1399.81,1401.93,1121.95,1365.06,882.34,759.6
2086,876.1,1163.51,997.36,350.95,1049.94,538.52,717.96,1333.03,1284.06,1302.52,980.83,1187.71,648.81,804.83,976.72,1106.85,825.13,777.31,1255.59,906.08,1388.36,1307.27,1345.41,999.87,754.43,1100.37,987.04,792.48,793.86,523,1385.52,1246.18,543.79,1274.93,1378.83,639.6,1225.74,718.77,1058.95,1271.43,1347.84,1294.44,726.45,1254.01,628.07,497.32,1389.03,1329.28,1259.84,1340.19,889.71,733.28
2087,901.27,1198.76,1020.99,377.39,1087.69,605.55,763.52,1271.49,1303.34,1288.08,939.56,1261.43,748.75,864.7,1033.06,1126.58,827.86,840.02,1371.57,865.49,1388.18,1285.61,1354.3,994.18,712.48,1067.9,1045.93,763.5,762.32,560.16,1404.76,1295.12,604.92,1293.96,1368.92,601.89,1242.92,847.88,1142.48,1316.63,1279.19,1286.38,686.93,1368.57,655.47,527.99,1361.33,1347.37,1263.12,1375.48,861.15,786.66
2088,868.92,1204.62,975.45,329.19,979.79,499.35,751.47,1268.83,1271.06,1313.25,1069.53,1291.03,701.09,789.15,981.62,1112.15,782.61,812.86,1263.47,861.51,1375.74,1271.91,1333.59,922.23,691.66,1068.36,943.17,762.38,820.63,497.56,1349.7,1262.41,600.16,1244.16,1396.31,583.06,1188.03,781.01,1073.67,1219.82,1277.64,1380.86,710.17,1266.4,680.65,456.2,1364.23,1327.28,1254.1,1300.93,831.11,716.79
2089,948.01,1277.01,1010.58,460.03,1231.34,648.45,814.73,1331.71,1322.42,1380.9,989.82,1286.04,836.63,853.16,1152.14,1234.84,880.01,900.42,1381.43,1060.88,1448.57,1341.59,1420.91,1012.82,745.93,1202.16,1110.39,785.06,819.66,644.82,1465.96,1337.52,677.18,1359.05,1436.4,590.85,1314.65,949.34,1165.29,1317.33,1366.22,1358.69,762.26,1378.78,769.07,607.58,1447.33,1400.31,1235.51,1401.09,921.25,796.68
2090,917.55,1260.31,988.37,422.1,1026.44,621.97,743.72,1358.53,1386.98,1379.76,1047.51,1278.88,545.77,834.16,1098.62,1211.05,878.29,757.04,1354.56,970.61,1424.88,1379.85,1438.69,994.46,828.42,1139.96,1073.88,800.19,822.69,620.89,1445.05,1338.68,640.23,1316.59,1411.22,689.15,1245.47,777.24,1156.62,1308.16,1374.26,1322.46,810.13,1265.91,666.4,544.69,1443.31,1381.68,1290.37,1332.96,959.52,782.7
2091,925.09,1225.78,1001.31,367.58,1119.91,615.77,783.43,1425.23,1279.37,1334.42,1054.51,1308.88,568.6,829.56,1098.1,1231.93,937.45,861.98,1340.81,1041.45,1371.46,1305.88,1469.27,1050.58,804.5,1135.97,1047.17,826.83,848.25,611.82,1431.82,1322.36,602.54,1378.95,1391.51,638.63,1298,887.28,1105.83,1325.89,1408.17,1325.47,764.92,1327.13,705.87,524.24,1397.1,1351.95,1204.79,1325.01,982.33,764
2092,898.69,1187.71,999.5,434.2,1037.4,565.28,797.62,1428.26,1412.53,1430.49,1077.77,1249.32,590.28,767.78,1024.07,1139.09,829.18,862.23,1287.09,954.99,1394.78,1401.81,1412.32,961.24,707.62,1119.06,977.05,709.21,803.16,512.99,1375.63,1375.11,731.18,1318.8,1504.43,565.7,1246.38,829.82,1047.68,1309.22,1467.13,1424.75,665.06,1281.96,747.65,482.09,1333.65,1462.26,1209.76,1397.33,822.92,703.32
2093,902.41,1156.27,1027.15,473,928.07,610.89,794.67,1256.65,1295.71,1302.79,962.54,1254.3,647.71,803.4,1097.4,1179.02,896.22,811.59,1290.66,908.17,1304.45,1290.69,1297.98,1013.8,758.68,1010.59,987.9,747.4,780.3,594.29,1304.09,1291.37,725.81,1268.72,1392.3,585.49,1269.5,765.46,1058.57,1291.63,1231.79,1332.03,693.71,1267.46,691.05,580.71,1268.86,1343.93,1175.67,1340.65,947.71,722.06
2094,910.28,1274.05,1010.33,365.18,1057.12,531.29,734.28,1337.71,1342.21,1364.26,1077.91,1280.67,653.62,841.63,1098.43,1186.65,926.76,850.83,1292.4,1040.61,1333.45,1337.08,1340.76,1014.36,749.85,1160.11,1062.57,801.23,798.35,582.9,1341.6,1336.15,588.76,1317.93,1398.12,600.6,1238.42,841.07,1112.63,1297.04,1346.38,1363.35,699.93,1299.09,694.26,541.51,1361.1,1337.92,1272.6,1304.65,927.73,763.05
2095,934.22,1263.54,1015.57,420.07,1092.68,701.75,822.29,1347.97,1310.97,1367.34,1082.38,1288.5,590.15,870.31,1002.86,1125.35,875.49,885.05,1293.7,978.13,1435.03,1335.2,1411.19,959.89,727.88,1124.35,1000.64,828.58,885.84,675.11,1452.54,1338.48,646.56,1321.81,1439.38,635.19,1206.1,887.39,1106.36,1293.39,1353.45,1381.09,805.22,1330.22,731.58,574.78,1421.25,1401.54,1200.63,1341.94,871.4,836.63
2096,906.44,1247.25,1006.65,362.23,974.3,563.06,766.04,1370.91,1483.89,1420.57,1075.84,1315.4,684.97,809.1,1094.49,1157.3,845.03,807.01,1323.35,876.51,1509,1419.75,1400.35,1016.69,701.47,1081.79,1020.93,770.57,764.54,577.93,1452.48,1437.03,620.12,1357.59,1472.23,580.77,1235.18,793.11,1183.18,1329.11,1355.41,1384.9,715.72,1304,709.03,491.47,1450.31,1418.06,1232.57,1357.93,861.31,755.02
2097,886.82,1128.58,989.38,362.85,928.47,583.71,813.67,1398.71,1252.54,1296.15,981.73,1174.81,646.03,803.23,964.04,1091.22,870.82,832.12,1260.2,825.53,1432.23,1286.49,1429.85,999.53,788.33,972.5,880.79,777.44,825.84,568.67,1437.73,1277.02,611.49,1371.76,1401.02,612.52,1226.01,780.41,1087.35,1310.96,1440.17,1301.12,752.59,1221.68,638.15,545.07,1439.56,1346.49,1227.24,1330.09,912.99,764.88
2098,910.83,1159.2,989.11,388.03,978.82,629.98,752.82,1408.32,1446.31,1459.32,1009.53,1258.6,620.16,847.46,1078.64,1197.65,924.09,812.04,1294.34,843.66,1453.17,1433.81,1441.84,1006.92,770.18,1030.31,997.57,793.08,811.44,605.86,1441.28,1410.03,639.66,1318.95,1474.47,657.51,1262.59,764.33,1117.86,1356.97,1435.08,1368.34,752.1,1261.19,692,527.4,1413.16,1484.11,1286.83,1422.61,952.23,743.76
2099,890.81,1158.72,1005.22,424.52,956.08,666.82,757.51,1304.56,1281.92,1344.18,1072.6,1319.83,508.29,844.02,989.1,1118.79,794.62,776.94,1263.1,827.8,1400.13,1314.47,1361.53,980.19,695.16,957.6,895.92,788.9,817.67,670.13,1391.84,1299.17,559.17,1289.61,1420.96,589.47,1230.75,682.96,1105.8,1284.22,1322.1,1372.32,724.81,1266.7,633.77,571.63,1380.92,1377.63,1199.2,1340.35,857.97,784.46
2100,913.74,1261.96,995.19,365.56,1087.57,654.49,730.03,1284.29,1319.48,1347.94,987.36,1259.35,642.58,874.45,1046.7,1180.42,912.68,850.43,1329.96,922.2,1410.57,1341.71,1312.66,1019.43,785.44,1128.09,1007.67,805.52,846.62,615.75,1378.56,1284.72,565.25,1264.39,1431.29,645.36,1235.65,808.32,1143.85,1292.73,1287.99,1384.21,728.75,1341.66,697.86,555.26,1375.79,1392.59,1203.55,1379.6,926.9,783.24
